city,state
Westwood,New Jersey
Bernardsville,New Jersey
Bound Brook,New Jersey
East Millstone,New Jersey
Manville,New Jersey
North Plainfield,New Jersey
Raritan,New Jersey
Somerville,New Jersey
Beverly,New Jersey
Bordentown,New Jersey
Burlington,New Jersey
Columbus,New Jersey
Delanco,New Jersey
Florence,New Jersey
Maple Shade,New Jersey
Medford,New Jersey
Moorestown,New Jersey
Mount Holly,New Jersey
Palmyra,New Jersey
Pemberton,New Jersey
Riverside,New Jersey
Riverton,New Jersey
Roebling,New Jersey
Vincentown,New Jersey
Bloomsbury,New Jersey
Clinton,New Jersey
Flemington,New Jersey
Frenchtown,New Jersey
Glen Gardner,New Jersey
Hampton,New Jersey
High Bridge,New Jersey
Junction,New Jersey
Lambertville,New Jersey
Milford,New Jersey
Boonton,New Jersey
Butler,New Jersey
Chatham,New Jersey
Chester,New Jersey
Dover,New Jersey
Lincoln Park,New Jersey
Madison,New Jersey
Mendham,New Jersey
Morristown,New Jersey
Netcong,New Jersey
Pequannock Twp,New Jersey
Port Oram,New Jersey
Rockaway,New Jersey
Branchville,New Jersey
Deckertown,New Jersey
Franklin,New Jersey
Franklin Furnace,New Jersey
Hamburg,New Jersey
Lafayette,New Jersey
Lake Mohawk,New Jersey
Newton,New Jersey
Stanhope,New Jersey
Sussex,New Jersey
Bridgeport,New Jersey
Clayton,New Jersey
Glassboro,New Jersey
Mantua,New Jersey
Mullica Hill,New Jersey
Newfield,New Jersey
Paulsboro,New Jersey
Pitman,New Jersey
Swedesboro,New Jersey
Wenonah,New Jersey
Westville,New Jersey
Williamstown,New Jersey
Woodbury,New Jersey
Bridgeton,New Jersey
Cedarville,New Jersey
Millville,New Jersey
Port Norris,New Jersey
Vineland,New Jersey
Cape May Court House,New Jersey
Sea Isle City,New Jersey
Woodbine,New Jersey
Carneys Point,New Jersey
Elmer,New Jersey
Lower Penn's Neck Township,New Jersey
Pedricktown,New Jersey
Penns Grove,New Jersey
Salem,New Jersey
Woodstown,New Jersey
Carteret,New Jersey
Cranbury,New Jersey
Dunellen,New Jersey
Helmetta,New Jersey
Jamesburg,New Jersey
Metuchen,New Jersey
Milltown,New Jersey
New Brunswick,New Jersey
Old Bridge,New Jersey
Perth Amboy,New Jersey
Roosevelt,New Jersey
Sayreville,New Jersey
South Amboy,New Jersey
South River,New Jersey
Spotswod,New Jersey
Woodbridge,New Jersey
Woodbridge Twp,New Jersey
Clifton,New Jersey
Haskell,New Jersey
Little Falls,New Jersey
Midvale-Wanaque,New Jersey
North Haledon,New Jersey
Passaic,New Jersey
Paterson,New Jersey
Pompton Lakes,New Jersey
Wanaque,New Jersey
Wayne Twp,New Jersey
Cranford,New Jersey
Elizabeth,New Jersey
Fanwood,New Jersey
Linden,New Jersey
New Providence,New Jersey
Rahway,New Jersey
Scotch Plains,New Jersey
Summit,New Jersey
Union Township,New Jersey
Westfield,New Jersey
Harrison and Kearny,New Jersey
Hudson Co.,New Jersey
Hightstown,New Jersey
Hopewell,New Jersey
Pennington,New Jersey
Princeton,New Jersey
Trenton,New Jersey
Lake Hopatcong,New Jersey
New Jersey Coast,New Jersey
Plainfield,New Jersey
Alamogordo,New Mexico
Albuquerque,New Mexico
Artesia,New Mexico
Carlsbad,New Mexico
Aztec,New Mexico
Farmington,New Mexico
Belen,New Mexico
Cerrillos,New Mexico
Santa Fe,New Mexico
Clayton,New Mexico
Clovis,New Mexico
Deming,New Mexico
Elida,New Mexico
Kenna,New Mexico
Portales,New Mexico
Estancia,New Mexico
Gallup,New Mexico
Hagerman,New Mexico
Roswell,New Mexico
Hillsboro,New Mexico
Hot Springs,New Mexico
Lake Valley,New Mexico
Hobbs,New Mexico
Las Cruces,New Mexico
Las Vegas,New Mexico
Lordsburg,New Mexico
Magdalena,New Mexico
San Marcial,New Mexico
Socorro,New Mexico
Pinos Altos,New Mexico
Santa Rita,New Mexico
Silver City,New Mexico
Raton,New Mexico
Springer,New Mexico
Santa Rosa,New Mexico
Vaughn,New Mexico
Taos,New Mexico
Tucumcari,New Mexico
Wagon Mound,New Mexico
Adams,New York
Alexandria Bay,New York
Antwerp,New York
Black River,New York
Brownville,New York
Cape Vincent,New York
Carthage,New York
Clayton,New York
Clayton,New York
Dexter,New York
Evans Mills,New York
Mannsville,New York
Philadelphia,New York
Redwood,New York
Sackets Harbor,New York
Theresa,New York
Thousand Island Park,New York
Watertown,New York
Prattsburgh,New York
Addison,New York
Avoca,New York
Bath,New York
Canisteo,New York
Cohocton,New York
Corning,New York
Hammondsport,New York
Hornell,New York
Kanona,New York
Painted Post,New York
Savona,New York
Wayland,New York
Afton,New York
Bainbridge,New York
Greene,New York
New Berlin,New York
Norwich,New York
Oxford,New York
Sherburne,New York
Smyrna,New York
South New Berlin,New York
Akin,New York
Amsterdam,New York
Canajoharie,New York
Canajoharie                                                   C,New York
Fonda,New York
Fort Hunter,New York
Fort Plain,New York
Fultonville,New York
Hagaman,New York
Saint Johnsville,New York
Tribes Hill,New York
Akron,New York
Alden,New York
Angola,New York
Buffalo,New York
Cheektowaga,New York
Cheektowaga Township,New York
Clarence,New York
Depew,New York
East Aurora,New York
Eden,New York
Eggertsville-snyder,New York
Hamburg,New York
Holland,New York
Lackawanna,New York
Lancaster,New York
North Collins,New York
Orchard Park,New York
Sloan,New York
Springville,New York
Tonawanda,New York
West Seneca,New York
Williamsville,New York
Albany,New York
Altamont,New York
Clarksville,New York
Cohoes,New York
Guilderland Center,New York
Ravena,New York
Rensselaerville,New York
South Bethlehem,New York
Albion,New York
Holley,New York
Lyndonville,New York
Medina,New York
Alexander,New York
Batavia,New York
Bergen,New York
Elba,New York
Le Roy,New York
Oakfield,New York
Pavilion,New York
Alfred,New York
Alfred Center,New York
Andover,New York
Angelica,New York
Belfast,New York
Belmont,New York
Bolivar,New York
Canaseraga,New York
Cuba,New York
Friendship,New York
Rushford,New York
Scio,New York
Wellsville,New York
Allegany,New York
Cattaraugus,New York
Delevan,New York
Ellicottville,New York
Franklinville,New York
Little Valley,New York
Machias,New York
Olean,New York
Portville,New York
Randolph,New York
Salamanca,New York
South Dayton,New York
Alton,New York
Clyde,New York
Lyons,New York
Macedon,New York
Marion,New York
Newark,New York
North Rose,New York
Ontario,New York
Palmyra,New York
Red Creek,New York
Savannah,New York
Sodus,New York
Williamson,New York
Wolcott,New York
Amagansett,New York
Amityville,New York
Babylon,New York
Bay Shore,New York
Bayport,New York
Bellport,New York
Blue Point,New York
Bridgehampton,New York
Centerport,New York
Central Islip,New York
Cold Spring Harbor,New York
Copiague,New York
East Moriches,New York
Easthampton,New York
Eastport,New York
Fire Island,New York
Greenport,New York
Huntington,New York
Islip,New York
Kings Park,New York
Lindenhurst,New York
Mattituck-southhold,New York
Northport,New York
Patchogue,New York
Port Jefferson,New York
Promised Land,New York
Riverhead,New York
Sag Harbor,New York
Sag Harbor,New York
Sayville,New York
Shelter Island,New York
Smithtown Branch,New York
Southampton,New York
West Hampton Beach,New York
Amenia,New York
Bangall,New York
Beacon,New York
Fishkill-on-the-hudson,New York
Hughsonville,New York
Millbrook,New York
Millerton,New York
Pawling,New York
Pine Plains,New York
Poughkeepsie,New York
Red Hook,New York
Rhinebeck,New York
Rhinecliff,New York
Stanfordville,New York
Tivoli,New York
Wappingers Falls,New York
Andes,New York
Delhi,New York
Downsville,New York
Fleischmanns,New York
Franklin,New York
Hancock,New York
Hobart,New York
Margaretville,New York
Sidney,New York
Sidney Plains,New York
Stamford,New York
Walton,New York
Arcade,New York
Attica,New York
Bliss,New York
Castile,New York
Perry,New York
Silver Springs,New York
Warsaw,New York
Athens,New York
Cairo,New York
Catskill,New York
Coxsackie,New York
Greenville,New York
Hunter,New York
Prattsville,New York
Tannersville,New York
Au Sable Forks,New York
Auburn,New York
Cato,New York
Meridian,New York
Moravia,New York
Port Byron,New York
Union Springs,New York
Weedsport,New York
Avon,New York
Caledonia,New York
Conesus,New York
Dansville,New York
Geneseo,New York
Lima,New York
Livonia,New York
Mount Morris,New York
Nunda,New York
Baldwin,New York
Bellmore,New York
Bethpage,New York
Central Park,New York
Farmingdale,New York
Floral Park,New York
Freeport,New York
Garden City,New York
Glen Cove,New York
Great Neck,New York
Hempstead,New York
Hicksville,New York
Inwood,New York
Levittown,New York
Little Neck,New York
Locust Valley,New York
Long Beach,New York
Lynbrook,New York
Manhasset,New York
Massapequa,New York
Merrick,New York
Mineola,New York
Nassau,New York
New Hyde Park,New York
North Oyster Bay,New York
Oyster Bay,New York
Port Washington,New York
Rockville Centre,New York
Roslyn,New York
Sea Cliff,New York
Seaford,New York
Valley Stream,New York
Wantagh,New York
Westbury,New York
Eastwood,New York
North Syracuse,New York
Baldwinsville,New York
Brewerton,New York
Camillus,New York
Cicero,New York
East Syracuse,New York
Fayetteville,New York
Jamesville,New York
Jordan,New York
Liverpool,New York
Manlius,New York
Marcellus,New York
Skaneateles,New York
Syracuse,New York
Tully,New York
Warners,New York
Ballston Spa,New York
Corinth,New York
Mechanicville,New York
Round Lake,New York
Saratoga,New York
Schuylerville,New York
Stillwater,New York
Waterford,New York
Barker,New York
La Salle,New York
Lewiston,New York
Lockport,New York
Middleport,New York
Newfane,New York
Niagara Falls,New York
Ransomville,New York
Suspension Bridge,New York
Wilson,New York
Rensselaer,New York
Berlin,New York
Castleton On Hudson,New York
Hoosick Falls,New York
Lansingburg,New York
Schaghticoke,New York
Troy,New York
Valley Falls,New York
Binghamton,New York
Endicott,New York
Harpursville,New York
Johnson City,New York
Whitney's Point,New York
Windsor,New York
Boonville,New York
Camden,New York
Clinton,New York
Deansboro,New York
Forestport,New York
New Hartford,New York
Oriskany Falls,New York
Prospect,New York
Remsen,New York
Rome,New York
Trenton,New York
Utica,New York
Waterville,New York
Westernville,New York
Whitesboro,New York
Brewster,New York
Carmel,New York
Cold Spring,New York
Lake Mahopac,New York
Patterson,New York
Pleasantville,New York
Briarcliff Manor,New York
Bronxville,New York
Chappaqua,New York
Croton-on-hudson,New York
Dobbs Ferry,New York
Harrison,New York
Hastings-on-hudson,New York
Irvington,New York
Katonah,New York
Larchmont,New York
Mamaroneck,New York
Mount Kisco,New York
Mount Vernon,New York
New Rochelle,New York
Ossining,New York
Peekskill,New York
Port Chester,New York
Rye,New York
Sing Sing,New York
Tarrytown,New York
Tuckahoe,New York
White Plains,New York
Williamsbridge,New York
Yonkers,New York
Yorktown Heights,New York
Broadalbin,New York
Gloversville,New York
Johnstown,New York
Mayfield,New York
Northville,New York
Sacandaga Park,New York
Brockport,New York
Charlotte,New York
Churchville,New York
Despatch,New York
East Rochester,New York
Egypt,New York
Fairport,New York
Greece,New York
Hamlin,New York
Hilton,New York
Honeoye Falls,New York
Mumford,New York
Penfield,New York
Pittsford,New York
Rochester,New York
Scottsville,New York
Spencerport,New York
Webster,New York
Brocton,New York
Cassadaga,New York
Chautauqua,New York
Cherry Creek,New York
Dunkirk,New York
Forestville,New York
Fredonia,New York
Jamestown,New York
Mayville,New York
Ripley,New York
Sherman,New York
Silver Creek,New York
Sinclairville,New York
Westfield,New York
Brookfield,New York
Canastota,New York
Cazenovia,New York
Chittenango,New York
De Ruyter,New York
Hamilton,New York
Morrisville,New York
Oneida,New York
Brooklyn,New York
Callicoon,New York
Jeffersonville,New York
Liberty,New York
Livingston Manor,New York
Monticello,New York
Roscoe,New York
Cambridge,New York
Fort Ann,New York
Fort Edward,New York
Granville,New York
Greenwich,New York
Hudson Falls,New York
Middle Granville,New York
Salem,New York
Sandy Hill,New York
Shushan,New York
Whitehall,New York
Canandaigua,New York
Clifton Springs,New York
Geneva,New York
Gorham,New York
Holcomb,New York
Naples,New York
Phelps,New York
Shortsville,New York
Victor,New York
Candor,New York
Newark Valley,New York
Nichols,New York
Owego,New York
Spencer,New York
Waverly,New York
Canton,New York
Madrid,New York
Massena,New York
Morley,New York
Morristown,New York
Norfolk,New York
Norwood,New York
Ogdensburg,New York
Potsdam,New York
Rensselaer Falls,New York
Central Bridge,New York
Cobleskill,New York
Gilboa,New York
Middleburgh,New York
Schoharie,New York
Sharon Springs,New York
Central Valley,New York
Chester,New York
Cornwall,New York
Cornwall on the Hudson,New York
Florida,New York
Goshen,New York
Highland Falls,New York
Maybrook,New York
Middletown,New York
Monroe,New York
Montgomery,New York
Newburgh,New York
Pine Bush,New York
Port Jervis,New York
Tuxedo Park,New York
Unionville,New York
Walden,New York
Warwick,New York
Champlain,New York
Dannemora,New York
Plattsburg,New York
Rouses Point,New York
Chateaugay,New York
Fort Covington,New York
Malone,New York
Moira,New York
Saint Regis Falls,New York
Tupper Lake,New York
Chatham,New York
Ghent,New York
Hillsdale,New York
Hudson,New York
Kinderhook,New York
Old Chatham,New York
Philmont,New York
Valatie,New York
Springfield Center,New York
Cherry Valley,New York
Cooperstown,New York
Edmeston,New York
Gilbertsville,New York
Hartwick,New York
Laurens,New York
Milford,New York
Morris,New York
Oneonta,New York
Otego,New York
Richfield Springs,New York
Schenevus,New York
Schuyler Lake,New York
Unadilla,New York
Worcester,New York
City Island,New York
Westchester,New York
Cleveland,New York
Fulton,New York
Mexico,New York
Oswego,New York
Parish,New York
Phoenix,New York
Pulaski,New York
Sandy Creek,New York
College Point,New York
Corona,New York
Far Rockaway,New York
Flushing,New York
Jamaica,New York
Maspeth,New York
Newtown,New York
Queens,New York
Richmond Hill,New York
Rockaway Beach,New York
Whitestone,New York
Winfield,New York
Colton,New York
De Kalb Junction,New York
Edwards,New York
Gouverneur,New York
Hermon,New York
Congers,New York
Haverstraw,New York
Hillburn,New York
Nanuet,New York
Nyack,New York
Pearl River,New York
Piermont,New York
Sloatsburg,New York
Sparkill,New York
Spring Valley,New York
Suffern,New York
Tomkins Cove,New York
Constableville,New York
Copenhagen,New York
Croghan,New York
Harrisville,New York
Lowville,New York
Lyons Falls,New York
Port Leyden,New York
Cortland,New York
Homer,New York
Marathon,New York
Deposit,New York
Groton,New York
Dryden,New York
Ithaca,New York
Trumansburg,New York
Dundee,New York
Penn Yan,New York
Earlville,New York
Elizabethtown,New York
Keeseville,New York
Lake Placid,New York
Mineville,New York
Schroon Lake,New York
Ticonderoga,New York
Westport,New York
Ellenville,New York
Gardiner,New York
Highland,New York
Highland,New York
Kerhonkson,New York
Kingston,New York
Marlboro,New York
New Paltz,New York
Phoenicia,New York
Pine Hill,New York
Rosendale,New York
Saugerties,New York
Wallkill,New York
Elmira,New York
Horseheads,New York
Wellsburg,New York
Dolgeville,New York
Fairfield,New York
Frankfort,New York
Herkimer,New York
Ilion,New York
Little Falls,New York
Middleville,New York
Mohawk,New York
Newport,New York
Old Forge,New York
West Winfield,New York
Farmer,New York
Interlaken,New York
Ovid,New York
Seneca Falls,New York
Waterloo,New York
Glens Falls,New York
Lake George,New York
North Creek,New York
Warrensburg,New York
Gowanda,New York
Greenwich,New York
Havana,New York
Montour Falls,New York
Watkins Glen,New York
New York; Special Atlases,New York
Nineveh,New York
Staten Island (Borough Of Richmond),New York
Rotterdam Junction,New York
Schenectady,New York
Scotia,New York
Saranac Lake,New York
Sherrill,New York
Aberdeen,North Carolina
Carthage,North Carolina
Pinehurst,North Carolina
Southern Pines,North Carolina
Ahoskie,North Carolina
Albemarle,North Carolina
Andrews,North Carolina
Murphy,North Carolina
Asheboro,North Carolina
Trinity College,North Carolina
Asheville,North Carolina
Ayden,North Carolina
Farmville,North Carolina
Greenville,North Carolina
Beaufort,North Carolina
Morehead City,North Carolina
Belhaven,North Carolina
Washington,North Carolina
Belmont,North Carolina
Cherryville,North Carolina
Gastonia,North Carolina
Mount Holly,North Carolina
Boone,North Carolina
Brevard,North Carolina
Bryson City,North Carolina
Burlington,North Carolina
Graham,North Carolina
Canton,North Carolina
Waynesville,North Carolina
Chapel Hill,North Carolina
Hillsboro,North Carolina
Davidson,North Carolina
Charlotte,North Carolina
Benson,North Carolina
Clayton,North Carolina
Selma,North Carolina
Smithfield,North Carolina
Clinton,North Carolina
Roseboro,North Carolina
Concord,North Carolina
Draper,North Carolina
Leaksville-spray,North Carolina
Madison,North Carolina
Reidsville,North Carolina
Dunn,North Carolina
Durham,North Carolina
Edenton,North Carolina
Elizabeth City,North Carolina
Elkin,North Carolina
Elm City,North Carolina
Wilson,North Carolina
Enfield,North Carolina
Roanoke Rapids,North Carolina
Scotland Neck,North Carolina
Weldon,North Carolina
Fairmont,North Carolina
Lumberton,North Carolina
Maxton,North Carolina
Red Springs,North Carolina
Rowland,North Carolina
Fayetteville,North Carolina
Hope Mills,North Carolina
Forest City,North Carolina
Rutherfordton,North Carolina
Garysburg,North Carolina
Gibson,North Carolina
Laurinburg,North Carolina
Goldsboro,North Carolina
Mount Olive,North Carolina
Hamlet,North Carolina
Rockingham,North Carolina
Henderson,North Carolina
Hendersonville,North Carolina
Hertford,North Carolina
Hickory,North Carolina
Newton,North Carolina
Greensboro,North Carolina
High Point,North Carolina
Kannapolis,North Carolina
Kernersville,North Carolina
Winston-Salem,North Carolina
Winston-salem,North Carolina
Kings Mountain,North Carolina
Shelby,North Carolina
Kinston,North Carolina
La Grange,North Carolina
Lenoir,North Carolina
Lexington,North Carolina
Thomasville,North Carolina
Lincolnton,North Carolina
Littleton,North Carolina
Louisburg,North Carolina
Marion,North Carolina
Old Fort,North Carolina
Marshall,North Carolina
Milton,North Carolina
Monroe,North Carolina
Mooresville,North Carolina
Statesville,North Carolina
Morganton,North Carolina
Mount Airy,North Carolina
Pilot Mountain,North Carolina
Nashville,North Carolina
Spring Hope,North Carolina
New Bern,North Carolina
North Wilkesboro,North Carolina
Ronda,North Carolina
Oxford,North Carolina
Plymouth,North Carolina
Raleigh,North Carolina
Wake Forest,North Carolina
Rocky Mount,North Carolina
Roxboro,North Carolina
Salisbury,North Carolina
Spencer,North Carolina
Sanford,North Carolina
Sylva,North Carolina
Tarboro,North Carolina
Troy,North Carolina
Tryon,North Carolina
Wadesboro,North Carolina
Warrenton,North Carolina
Warsaw,North Carolina
Williamston,North Carolina
Wilmington,North Carolina
Bismarck,North Dakota
Bottineau,North Dakota
Cando,North Dakota
Carrington,North Dakota
McHenry,North Dakota
Casselton,North Dakota
Fargo,North Dakota
Cavalier,North Dakota
Neche,North Dakota
Pembina,North Dakota
Saint Thomas,North Dakota
Walhalla,North Dakota
Cooperstown,North Dakota
Dazey,North Dakota
Sanborn,North Dakota
Valley City,North Dakota
Devils Lake,North Dakota
Dickinson,North Dakota
Ellendale,North Dakota
Oakes,North Dakota
Enderlin,North Dakota
Lisbon,North Dakota
Sheldon,North Dakota
Fessenden,North Dakota
Harvey,North Dakota
Grafton,North Dakota
Minto,North Dakota
Park River,North Dakota
Grand Forks,North Dakota
Larimore,North Dakota
Hankinson,North Dakota
Lidgerwood,North Dakota
Wahpeton,North Dakota
Wyndmere,North Dakota
Hillsboro,North Dakota
Mayville,North Dakota
Portland,North Dakota
Jamestown,North Dakota
La Moure,North Dakota
Lakota,North Dakota
Langdon,North Dakota
Leeds,North Dakota
Minnewaukan,North Dakota
Mandan,North Dakota
New Salem,North Dakota
Minot,North Dakota
New Rockford,North Dakota
Rugby,North Dakota
Washburn,North Dakota
Williston,North Dakota
Wilton,North Dakota
Ada,Ohio
Dunkirk,Ohio
Forest,Ohio
Kenton,Ohio
Akron,Ohio
Cuyahoga Falls,Ohio
Alliance,Ohio
Canal Fulton,Ohio
Canton,Ohio
Louisville,Ohio
Massillon,Ohio
Navarre,Ohio
Andover,Ohio
Ashtabula,Ohio
Conneaut,Ohio
Geneva,Ohio
Jefferson,Ohio
Ansonia,Ohio
Arcanum,Ohio
Greenville,Ohio
Versailles,Ohio
Antwerp,Ohio
Grover Hill,Ohio
Paulding,Ohio
Payne,Ohio
Archbold,Ohio
Delta,Ohio
Swanton,Ohio
Wauseon,Ohio
Ashland,Ohio
Loudonville,Ohio
Athens,Ohio
Glouster,Ohio
Jacksonville,Ohio
Nelsonville,Ohio
Attica,Ohio
Tiffin,Ohio
Baltimore,Ohio
Lancaster,Ohio
Barnesville,Ohio
Bellaire,Ohio
Bridgeport,Ohio
Martins Ferry,Ohio
Saint Clairsville,Ohio
Batavia,Ohio
New Richmond,Ohio
Bedford,Ohio
Berea,Ohio
Chagrin Falls,Ohio
Cleveland,Ohio
Bellefontaine,Ohio
Degraff,Ohio
West Liberty,Ohio
Bellevue,Ohio
Bellville,Ohio
Butler,Ohio
Mansfield,Ohio
Shelby,Ohio
Beverly,Ohio
Marietta,Ohio
Blanchester,Ohio
Martinsville,Ohio
New Vienna,Ohio
Sabina,Ohio
Wilmington,Ohio
Bluffton,Ohio
Lima,Ohio
Spencerville,Ohio
Bowerston,Ohio
Cadiz,Ohio
Scio,Ohio
Bowling Green,Ohio
North Baltimore,Ohio
Perrysburg,Ohio
Weston,Ohio
Bradford,Ohio
Brookville,Ohio
Dayton,Ohio
Germantown,Ohio
Miamisburg,Ohio
Bryan,Ohio
Edgerton,Ohio
Montpelier,Ohio
Stryker,Ohio
West Unity,Ohio
Bucyrus,Ohio
Crestline,Ohio
Galion,Ohio
Caldwell,Ohio
Cambridge,Ohio
Cumberland,Ohio
Camden,Ohio
Eaton,Ohio
El Dorado,Ohio
Lewisburg,Ohio
New Paris,Ohio
West Alexandria,Ohio
West Manchester,Ohio
Canal Dover,Ohio
Dennison,Ohio
Mineral City,Ohio
New Philadelphia,Ohio
Newcomerstown,Ohio
Uhrichsville,Ohio
Canal Winchester,Ohio
Columbus,Ohio
Westerville,Ohio
Cardington,Ohio
Mount Gilead,Ohio
Carey,Ohio
Nevada,Ohio
Sycamore,Ohio
Upper Sandusky,Ohio
Carrollton,Ohio
Malvern,Ohio
Sherrodsville,Ohio
Cedarville,Ohio
Jamestown,Ohio
Osborn,Ohio
Xenia,Ohio
Yellow Springs,Ohio
Celina,Ohio
Fort Recovery,Ohio
Rockford,Ohio
Centerburg,Ohio
Fredericktown,Ohio
Mount Vernon,Ohio
Chardon,Ohio
Chicago Junction,Ohio
Greenwich,Ohio
Monroeville,Ohio
New London,Ohio
Norwalk,Ohio
Wakeman,Ohio
Chillicothe,Ohio
Kingston,Ohio
Cincinnati,Ohio
Harrison,Ohio
Lockland,Ohio
Madisonville,Ohio
Reading,Ohio
Circleville,Ohio
New Holland,Ohio
Fremont,Ohio
Clyde,Ohio
Columbiana,Ohio
East Liverpool,Ohio
East Palestine,Ohio
Leetonia,Ohio
Lisbon,Ohio
New Lisbon,Ohio
Salem,Ohio
Salineville,Ohio
Wellsville,Ohio
Columbus Grove,Ohio
Leipsic,Ohio
Ottawa,Ohio
Corning,Ohio
New Lexington,Ohio
New Straitsville,Ohio
Shaunee,Ohio
Somerset,Ohio
Thornville,Ohio
Coshocton,Ohio
Covington,Ohio
Piqua,Ohio
Tipp City,Ohio
Troy,Ohio
Cridersville,Ohio
Minster,Ohio
New Bremen,Ohio
Saint Marys,Ohio
Wapakoneta,Ohio
Dalton,Ohio
Doylestown,Ohio
Orrville,Ohio
Shreve,Ohio
West Salem,Ohio
Wooster,Ohio
Defiance,Ohio
Hicksville,Ohio
Delaware,Ohio
Delphos,Ohio
Deshler,Ohio
Holgate,Ohio
Napoleon,Ohio
Elmore,Ohio
Genoa,Ohio
Oak Harbor,Ohio
Port Clinton,Ohio
Elyria,Ohio
Lorain,Ohio
North Amherst,Ohio
Oberlin,Ohio
Wellington,Ohio
Findlay,Ohio
McComb,Ohio
Franklin,Ohio
Lebanon,Ohio
Mason,Ohio
Morrow,Ohio
Waynesville,Ohio
Gallipolis,Ohio
Garrettsville,Ohio
Kent,Ohio
Ravenna,Ohio
Georgetown,Ohio
Higginsport,Ohio
Ripley,Ohio
Granville,Ohio
Newark,Ohio
Utica,Ohio
Green Springs,Ohio
Greenfield,Ohio
Hillsboro,Ohio
Leesburg,Ohio
Lynchburg,Ohio
Hamilton,Ohio
Middletown,Ohio
Oxford,Ohio
Hubbard,Ohio
Niles,Ohio
Warren,Ohio
Huron,Ohio
Sandusky,Ohio
Vermillion,Ohio
Ironton,Ohio
Jackson,Ohio
Wellston,Ohio
Jeffersonville,Ohio
Washington Court House,Ohio
La Rue,Ohio
Marion,Ohio
Prospect,Ohio
Waldo,Ohio
Logan,Ohio
London,Ohio
Mount Sterling,Ohio
McArthur,Ohio
McConnelsville,Ohio
Madison,Ohio
Painesville,Ohio
Willoughby,Ohio
Manchester,Ohio
Marysville,Ohio
Richwood,Ohio
Mechanicsburg,Ohio
North Lewisburg,Ohio
Saint Paris,Ohio
Urbana,Ohio
Medina,Ohio
Wadsworth,Ohio
Middleport,Ohio
Pomeroy,Ohio
Milford,Ohio
Millersburg,Ohio
Minerva,Ohio
Piketon,Ohio
Waverly,Ohio
Plain City,Ohio
Plymouth,Ohio
Portsmouth,Ohio
Sidney,Ohio
New Carlisle,Ohio
South Charleston,Ohio
Springfield,Ohio
Steubenville,Ohio
Toronto,Ohio
Toledo,Ohio
Van Wert,Ohio
Woodsfield,Ohio
Youngstown,Ohio
Zanesville,Ohio
Ada,Oklahoma
Francis,Oklahoma
Roff,Oklahoma
Stonewall,Oklahoma
Adair,Oklahoma
Choteau,Oklahoma
Pryor Creek,Oklahoma
Addington,Oklahoma
Ryan,Oklahoma
Terral,Oklahoma
Waurika,Oklahoma
Afton,Oklahoma
Commerce,Oklahoma
Fairland,Oklahoma
Miami,Oklahoma
Picher,Oklahoma
Agra,Oklahoma
Chandler,Oklahoma
Prague,Oklahoma
Stroud,Oklahoma
Wellston,Oklahoma
Alderson,Oklahoma
Canadian,Oklahoma
Crowder,Oklahoma
Hailyville,Oklahoma
Hartshorne,Oklahoma
Indianola,Oklahoma
Kiowa,Oklahoma
Krebs,Oklahoma
McAlester,Oklahoma
Pittsburg,Oklahoma
Quinton,Oklahoma
South Canadian,Oklahoma
South McAlester,Oklahoma
Alex,Oklahoma
Chickasha,Oklahoma
Minco,Oklahoma
Ninnekah,Oklahoma
Rush Springs,Oklahoma
Tuttle,Oklahoma
Verden,Oklahoma
Altus,Oklahoma
Duke,Oklahoma
Olustee,Oklahoma
Alva,Oklahoma
Waynoka,Oklahoma
Anadarko,Oklahoma
Apache,Oklahoma
Bridgeport,Oklahoma
Carnegie,Oklahoma
Cement,Oklahoma
Fort Cobb,Oklahoma
Gracemont,Oklahoma
Hinton,Oklahoma
Hydro,Oklahoma
Antlers,Oklahoma
Tuskahoma,Oklahoma
Arapaho,Oklahoma
Clinton,Oklahoma
Custer City,Oklahoma
Thomas,Oklahoma
Weatherford,Oklahoma
Ardmore,Oklahoma
Berwyn,Oklahoma
Healdton,Oklahoma
Wilson,Oklahoma
Arnett,Oklahoma
Fargo,Oklahoma
Gage,Oklahoma
Shattuck,Oklahoma
Asher,Oklahoma
McLoud,Oklahoma
Maud,Oklahoma
Shawnee,Oklahoma
Tecumseh,Oklahoma
Wanette,Oklahoma
Atoka,Oklahoma
Stringtown,Oklahoma
Avant,Oklahoma
Barnsdall,Oklahoma
Bigheart,Oklahoma
Fairfax,Oklahoma
Gray Horse,Oklahoma
Hominy,Oklahoma
Pawhuska,Oklahoma
Wynona,Oklahoma
Bartlesville,Oklahoma
Dewey,Oklahoma
Ramona,Oklahoma
Beaver,Oklahoma
Beggs,Oklahoma
Dewar,Oklahoma
Henryetta,Oklahoma
Morris,Oklahoma
Okmulgee,Oklahoma
Bennington,Oklahoma
Bokchito,Oklahoma
Caddo,Oklahoma
Cale,Oklahoma
Calera,Oklahoma
Colbert,Oklahoma
Durant,Oklahoma
Sterrett,Oklahoma
Bethaney,Oklahoma
Edmond,Oklahoma
Luther,Oklahoma
Midwest City,Oklahoma
Newalla,Oklahoma
Oklahoma City,Oklahoma
Billings,Oklahoma
Morrison,Oklahoma
Perry,Oklahoma
Red Rock,Oklahoma
Bison,Oklahoma
Covington,Oklahoma
Cropper,Oklahoma
Enid,Oklahoma
Garber,Oklahoma
Hunter,Oklahoma
Lahoma,Oklahoma
North Enid,Oklahoma
Waukomis,Oklahoma
Bixby,Oklahoma
Broken Arrow,Oklahoma
Collinsville,Oklahoma
Owasso,Oklahoma
Red Fork,Oklahoma
Sand Springs,Oklahoma
Tulsa,Oklahoma
Blackwell,Oklahoma
Braman,Oklahoma
Cross,Oklahoma
Kaw,Oklahoma
Kildare,Oklahoma
Newkirk,Oklahoma
Ponca City,Oklahoma
Tonkawa,Oklahoma
Blanchard,Oklahoma
Purcell,Oklahoma
Blue Jacket,Oklahoma
Vinita,Oklahoma
Boise City,Oklahoma
Bokoshe,Oklahoma
Cameron,Oklahoma
Heavener,Oklahoma
Howe,Oklahoma
Poteau,Oklahoma
Spiro,Oklahoma
Talihina,Oklahoma
Wister,Oklahoma
Boley,Oklahoma
Okemah,Oklahoma
Weleetka,Oklahoma
Boswell,Oklahoma
Fort Towson,Oklahoma
Hugo,Oklahoma
Soper,Oklahoma
Boynton,Oklahoma
Braggs,Oklahoma
East Fort Gibson,Oklahoma
Fort Gibson,Oklahoma
Haskell,Oklahoma
Muskogee,Oklahoma
Webbers Falls,Oklahoma
Bristow,Oklahoma
Depew,Oklahoma
Drumwright,Oklahoma
Kiefer,Oklahoma
Mounds,Oklahoma
Oilton,Oklahoma
Sapulpa,Oklahoma
Broken Bow,Oklahoma
Garvin,Oklahoma
Idabel,Oklahoma
Valliant,Oklahoma
Bromide,Oklahoma
Burlington,Oklahoma
Carmen,Oklahoma
Cherokee,Oklahoma
Helena,Oklahoma
Ingersoll,Oklahoma
Calvin,Oklahoma
Dustin,Oklahoma
Holdenville,Oklahoma
Wetumka,Oklahoma
Redland,Oklahoma
Campbell,Oklahoma
Gore,Oklahoma
Hanson,Oklahoma
Illinois Station,Oklahoma
Illinois Station,Oklahoma
Muldrow,Oklahoma
Sallisaw,Oklahoma
Vian,Oklahoma
Canton,Oklahoma
Geary,Oklahoma
Hitchcock,Oklahoma
Okeene,Oklahoma
Watonga,Oklahoma
Cashion,Oklahoma
Dover,Oklahoma
Hennessey,Oklahoma
Kingfisher,Oklahoma
Catoosa,Oklahoma
Chattanooga,Oklahoma
Lawton,Oklahoma
Checotah,Oklahoma
Eufala,Oklahoma
Hanna,Oklahoma
Chelsea,Oklahoma
Claremore,Oklahoma
Oologah,Oklahoma
Talala,Oklahoma
Cleo,Oklahoma
Fairview,Oklahoma
Ringwood,Oklahoma
Cleveland,Oklahoma
Hallett,Oklahoma
Pawnee,Oklahoma
Ralston,Oklahoma
Coalgate,Oklahoma
Lehigh,Oklahoma
Comanche,Oklahoma
Duncan,Oklahoma
Marlow,Oklahoma
Sentinel,Oklahoma
Cordell,Oklahoma
Foss,Oklahoma
Rocky,Oklahoma
Coweta,Oklahoma
Porter,Oklahoma
Wagoner,Oklahoma
Coyle,Oklahoma
Crescent,Oklahoma
Guthrie,Oklahoma
Lovell,Oklahoma
Marshall,Oklahoma
Meridian,Oklahoma
Mulhall,Oklahoma
Navina,Oklahoma
Orlando,Oklahoma
Cushing,Oklahoma
Perkins,Oklahoma
Stillwater,Oklahoma
Yale,Oklahoma
Davis,Oklahoma
Sulphur,Oklahoma
Deer Creek,Oklahoma
Jefferson,Oklahoma
Manchester,Oklahoma
Medford,Oklahoma
Pond Creek,Oklahoma
Renfrow,Oklahoma
Round Pond Station,Oklahoma
Wakita,Oklahoma
Delaware,Oklahoma
Lenapah,Oklahoma
Nowata,Oklahoma
Devol,Oklahoma
Temple,Oklahoma
Walters,Oklahoma
El Reno,Oklahoma
Yukon,Oklahoma
Elk City,Oklahoma
Erick,Oklahoma
Sayre,Oklahoma
Enterprise,Oklahoma
Stigler,Oklahoma
Whitefield,Oklahoma
Frederick,Oklahoma
Grandfield,Oklahoma
Tipton,Oklahoma
Gotebo,Oklahoma
Hobart,Oklahoma
Lone Wolf,Oklahoma
Mountain Park,Oklahoma
Mountain View,Oklahoma
Snyder,Oklahoma
Granite,Oklahoma
Mangum,Oklahoma
Grove,Oklahoma
Hollis,Oklahoma
Hooker,Oklahoma
Tyrone,Oklahoma
Kingston,Oklahoma
Madill,Oklahoma
Konawa,Oklahoma
Seminole,Oklahoma
Wewoka,Oklahoma
Leedey,Oklahoma
Taloga,Oklahoma
Lexington,Oklahoma
Moore,Oklahoma
Noble,Oklahoma
Norman,Oklahoma
Lindsay,Oklahoma
Maysville,Oklahoma
Pauls Valley,Oklahoma
Stratford,Oklahoma
Wynnewood,Oklahoma
Marietta,Oklahoma
Okarche,Oklahoma
Park Hill,Oklahoma
Tahlequah,Oklahoma
Tahlequah,Oklahoma
Red Oak,Oklahoma
Wilburton,Oklahoma
Skiatook,Oklahoma
Stillwell,Oklahoma
Tishomingo,Oklahoma
Wapanucka,Oklahoma
Woodward,Oklahoma
Adams,Oregon
Athena,Oregon
Centerville,Oregon
Echo,Oregon
Helix,Oregon
Hermiston,Oregon
Milton,Oregon
Pendleton,Oregon
Pilot Rock,Oregon
Stanfield,Oregon
Umatilla,Oregon
Weston,Oregon
Albany,Oregon
Brownsville,Oregon
Halsey,Oregon
Harrisburg,Oregon
Lebanon,Oregon
Scio,Oregon
Shedd,Oregon
Sodaville,Oregon
Albina,Oregon
Gresham,Oregon
Portland,Oregon
Saint Johns,Oregon
Amity,Oregon
Carlton,Oregon
Dayton,Oregon
Lafayette,Oregon
McMinnville,Oregon
Newberg,Oregon
North Yamhill,Oregon
Sheridan,Oregon
Willamina,Oregon
Yamhill,Oregon
Antelope,Oregon
Dufur,Oregon
Mosier,Oregon
Shaniko,Oregon
Arlington,Oregon
Condon,Oregon
Ashland,Oregon
Butte Falls,Oregon
Central Point,Oregon
Eagle Point,Oregon
Gold Hill,Oregon
Jacksonville,Oregon
Medford,Oregon
Astoria,Oregon
Gearhart,Oregon
Seaside,Oregon
Aurora,Oregon
Gervais,Oregon
Hubbard,Oregon
Jefferson,Oregon
Mount Angel,Oregon
Saint Paul,Oregon
Salem,Oregon
Silverton,Oregon
Stayton,Oregon
Turner,Oregon
Woodburn,Oregon
Baker,Oregon
Haines,Oregon
Huntington,Oregon
Richland,Oregon
Sumpter,Oregon
Bandon,Oregon
Coquille,Oregon
Empire,Oregon
Marshfield,Oregon
Myrtle Point,Oregon
North Bend,Oregon
Powers,Oregon
Barlow,Oregon
Canby,Oregon
Estacada,Oregon
Gladstone,Oregon
Molalla,Oregon
Oregon City,Oregon
Sandy,Oregon
Bay City,Oregon
Garibaldi,Oregon
Nehalem,Oregon
Tillamook,Oregon
Wheeler,Oregon
Banks,Oregon
Beaverton,Oregon
Cornelius,Oregon
Forest Grove,Oregon
Hillsboro,Oregon
North Plains,Oregon
Sherwood,Oregon
Tigard,Oregon
Bend,Oregon
Redmond,Oregon
Burns,Oregon
Canyon City,Oregon
John Day,Oregon
Prairie City,Oregon
Cascade Locks,Oregon
Hood River,Oregon
Clatskanie,Oregon
Rainier,Oregon
Saint Helens,Oregon
Scappoose,Oregon
Vernonia,Oregon
Corvallis,Oregon
Cottage Grove,Oregon
Creswell,Oregon
Eugene,Oregon
Florence,Oregon
Junction City,Oregon
Springfield,Oregon
Dallas,Oregon
Falls City,Oregon
Independence,Oregon
Monmouth,Oregon
Drain,Oregon
Gardiner,Oregon
Glendale,Oregon
Myrtle Creek,Oregon
Oakland,Oregon
Reedsport,Oregon
Riddle,Oregon
Roseburg,Oregon
Sutherlin,Oregon
Yoncalla,Oregon
Elgin,Oregon
Island City,Oregon
La Grande,Oregon
North Powder,Oregon
Summerville,Oregon
Union,Oregon
Enterprise,Oregon
Joseph,Oregon
Wallowa,Oregon
Fossil,Oregon
Grants Pass,Oregon
Grass Valley,Oregon
Kent,Oregon
Moro,Oregon
Wasco,Oregon
Heppner,Oregon
Ione,Oregon
Klamath Falls,Oregon
Linkville,Oregon
Merrill,Oregon
Lakeview,Oregon
New Pine Creek,Oregon
Madras,Oregon
Mill City,Oregon
Newport,Oregon
Ocean Lake,Oregon
Taft,Oregon
Toledo,Oregon
Nyssa,Oregon
Ontario,Oregon
Vale,Oregon
Prineville,Oregon
Albion,Pennsylvania
Corry,Pennsylvania
Edinboro,Pennsylvania
Erie,Pennsylvania
Girard,Pennsylvania
Miles Grove,Pennsylvania
North East,Pennsylvania
North Girard,Pennsylvania
Union City,Pennsylvania
Waterford,Pennsylvania
Alburtis,Pennsylvania
Allentown,Pennsylvania
Catasauqua,Pennsylvania
Cementon,Pennsylvania
Egypt,Pennsylvania
Emaus,Pennsylvania
Macungie,Pennsylvania
Slatington,Pennsylvania
Aliquippa,Pennsylvania
Ambridge,Pennsylvania
Beaver,Pennsylvania
Beaver Falls,Pennsylvania
Conway,Pennsylvania
Darlington,Pennsylvania
Koppel,Pennsylvania
Midland,Pennsylvania
New Brighton,Pennsylvania
New Gallilee,Pennsylvania
Rochester,Pennsylvania
West Bridgewater,Pennsylvania
Woodlawn,Pennsylvania
Allegheny,Pennsylvania
Blawnox,Pennsylvania
Brackenridge,Pennsylvania
Braddock,Pennsylvania
Bridgeville,Pennsylvania
Carnegie,Pennsylvania
Cheswick,Pennsylvania
Clairton,Pennsylvania
Coraopolis,Pennsylvania
Crafton,Pennsylvania
Dravosburg,Pennsylvania
Duquesne,Pennsylvania
Edgeworth,Pennsylvania
Edgeworth,Pennsylvania
Elizabeth,Pennsylvania
Glassmere,Pennsylvania
Glassport,Pennsylvania
Glenfield,Pennsylvania
Hays,Pennsylvania
Homestead,Pennsylvania
Imperial,Pennsylvania
Knoxville Borough,Pennsylvania
Leetsdale,Pennsylvania
McKeesport,Pennsylvania
Mansfield Borough,Pennsylvania
Natrona,Pennsylvania
Oakdale,Pennsylvania
Oakmont,Pennsylvania
Pitcairn,Pennsylvania
Pittsburgh,Pennsylvania
Sewickley,Pennsylvania
Sharpsburg,Pennsylvania
Springdale,Pennsylvania
Tarentum,Pennsylvania
Turtle Creek Valley,Pennsylvania
Verona,Pennsylvania
West Elizabeth,Pennsylvania
Wilson,Pennsylvania
Alliance,Pennsylvania
Bangor,Pennsylvania
Bath,Pennsylvania
Easton,Pennsylvania
Freemansburg,Pennsylvania
Hellertown,Pennsylvania
Nazareth,Pennsylvania
Northampton,Pennsylvania
Pen Argyl,Pennsylvania
Portland,Pennsylvania
Altoona,Pennsylvania
Bellwood,Pennsylvania
Hollidaysburg,Pennsylvania
Juniata,Pennsylvania
Martinsburg,Pennsylvania
Roaring Spring,Pennsylvania
Tyrone,Pennsylvania
Williamsburg,Pennsylvania
Conshohocken,Pennsylvania
East Greenville,Pennsylvania
Ambler,Pennsylvania
Bridgeport,Pennsylvania
Bryn Athyn,Pennsylvania
Glenside,Pennsylvania
Hatboro,Pennsylvania
Hatfield,Pennsylvania
Jeffersonville,Pennsylvania
Jenkintown,Pennsylvania
Lansdale,Pennsylvania
Norristown,Pennsylvania
North Wales,Pennsylvania
Pennsburg,Pennsylvania
Pottstown,Pennsylvania
Royersford,Pennsylvania
Souderton,Pennsylvania
Annville,Pennsylvania
Lebanon,Pennsylvania
Myerstown,Pennsylvania
Newmanstown,Pennsylvania
Palmyra,Pennsylvania
Richland,Pennsylvania
Apollo,Pennsylvania
Ford City,Pennsylvania
Freeport,Pennsylvania
Kittanning,Pennsylvania
Leechburg,Pennsylvania
Parkers Landing,Pennsylvania
Winton,Pennsylvania
Archbald,Pennsylvania
Carbondale,Pennsylvania
Clark's Summit,Pennsylvania
Dickson City,Pennsylvania
Jermyn,Pennsylvania
Mayfield,Pennsylvania
Old Forge,Pennsylvania
Olyphant,Pennsylvania
Scranton,Pennsylvania
Scranton Suburbs,Pennsylvania
Taylor,Pennsylvania
Throop,Pennsylvania
Brockton,Pennsylvania
Ashland,Pennsylvania
Coaldale,Pennsylvania
Frackville,Pennsylvania
Girardsville,Pennsylvania
McAdoo,Pennsylvania
Mahanoy City,Pennsylvania
Middleport,Pennsylvania
Pine Grove,Pennsylvania
Pottsville,Pennsylvania
Shenandoah,Pennsylvania
Tamaqua,Pennsylvania
Tower City,Pennsylvania
Tremont,Pennsylvania
Ashley,Pennsylvania
Avoca,Pennsylvania
Dupont,Pennsylvania
Duryea,Pennsylvania
Edwardsville,Pennsylvania
Freeland,Pennsylvania
Glen Lyon,Pennsylvania
Hazleton,Pennsylvania
Kingston,Pennsylvania
Larksville,Pennsylvania
Luzerne,Pennsylvania
Miners Mills,Pennsylvania
Nanticoke,Pennsylvania
Nescopeck,Pennsylvania
Old Forge,Pennsylvania
Parsons,Pennsylvania
Pittston,Pennsylvania
Plymouth,Pennsylvania
Shickshinny,Pennsylvania
Sugar Notch,Pennsylvania
White Haven,Pennsylvania
Wilkes Barre,Pennsylvania
Wyoming,Pennsylvania
Athens,Pennsylvania
Canton,Pennsylvania
Monroeton,Pennsylvania
New Albany,Pennsylvania
Sayre,Pennsylvania
Towanda,Pennsylvania
Troy,Pennsylvania
Austin,Pennsylvania
Coudersport,Pennsylvania
Galeton,Pennsylvania
Roulette,Pennsylvania
Shingle House,Pennsylvania
Ulysses,Pennsylvania
Avella,Pennsylvania
Bentleyville,Pennsylvania
Burgettstown,Pennsylvania
California,Pennsylvania
Canonsburg,Pennsylvania
Charleroi,Pennsylvania
Claysville,Pennsylvania
Donora,Pennsylvania
Houston,Pennsylvania
McDonald,Pennsylvania
McDonald,Pennsylvania
Midway,Pennsylvania
Millsboro,Pennsylvania
Monongahela City,Pennsylvania
Roscoe,Pennsylvania
Washington,Pennsylvania
West Alexander,Pennsylvania
Avonmore,Pennsylvania
Bolivar,Pennsylvania
Delmont,Pennsylvania
Derry,Pennsylvania
Export,Pennsylvania
Greensburg,Pennsylvania
Herminie,Pennsylvania
Irwin,Pennsylvania
Jeannette,Pennsylvania
Latrobe,Pennsylvania
Ligonier,Pennsylvania
Manor,Pennsylvania
Monessen,Pennsylvania
Mount Pleasant,Pennsylvania
New Florence,Pennsylvania
New Kensington,Pennsylvania
Penn Station,Pennsylvania
Scottdale,Pennsylvania
Smithton,Pennsylvania
Suterville,Pennsylvania
Trafford,Pennsylvania
Vandergrift,Pennsylvania
West Newton,Pennsylvania
Yukon,Pennsylvania
Bakerton,Pennsylvania
Barnesboro,Pennsylvania
Beaverdale,Pennsylvania
Blandburg,Pennsylvania
Carrolltown,Pennsylvania
Cassandra,Pennsylvania
Cresson,Pennsylvania
Dunlo,Pennsylvania
Ebensburg,Pennsylvania
Emeigh,Pennsylvania
Gallitzin,Pennsylvania
Hastings,Pennsylvania
Johnstown,Pennsylvania
Lilly,Pennsylvania
Nanty-Glo,Pennsylvania
Patton,Pennsylvania
Portage,Pennsylvania
Portage,Pennsylvania
South Fork,Pennsylvania
Spangle,Pennsylvania
Summerhill,Pennsylvania
Bedford,Pennsylvania
Everett,Pennsylvania
Hyndman,Pennsylvania
Saxton,Pennsylvania
Belle Vernon,Pennsylvania
Brownsville,Pennsylvania
Connellsville,Pennsylvania
Dawson,Pennsylvania
Dunbar,Pennsylvania
Fairchange,Pennsylvania
Fayette City,Pennsylvania
McClellandtown,Pennsylvania
Masontown,Pennsylvania
New Salem,Pennsylvania
Perryopolis,Pennsylvania
Point Marion,Pennsylvania
Uniontown,Pennsylvania
Bellefonte,Pennsylvania
Center Hall,Pennsylvania
Philipsburg,Pennsylvania
Snow Shoe,Pennsylvania
State College,Pennsylvania
Benton,Pennsylvania
Berwick,Pennsylvania
Bloomsburg,Pennsylvania
Catawissa,Pennsylvania
Berlin,Pennsylvania
Boswell,Pennsylvania
Confluence,Pennsylvania
Hooversville,Pennsylvania
Meyersdale,Pennsylvania
Rockwood,Pennsylvania
Somerset,Pennsylvania
Windber,Pennsylvania
Bethlehem,Pennsylvania
Big Run,Pennsylvania
Brockwayville,Pennsylvania
Brookville,Pennsylvania
Pulaski,Pennsylvania
Punxsutawney,Pennsylvania
Reynoldsville,Pennsylvania
Summerville,Pennsylvania
Sykesville,Pennsylvania
Birdsboro,Pennsylvania
Boyertown,Pennsylvania
Fleetwood,Pennsylvania
Hamburg,Pennsylvania
Kutztown,Pennsylvania
Mohnton,Pennsylvania
Reading,Pennsylvania
Robesonia,Pennsylvania
Shillington,Pennsylvania
Sinking Spring,Pennsylvania
Topton,Pennsylvania
Wernersville,Pennsylvania
Womelsdorf,Pennsylvania
Black Lick,Pennsylvania
Blairsville,Pennsylvania
Cherry Tree,Pennsylvania
Clymer,Pennsylvania
Glen Campbell,Pennsylvania
Homer City,Pennsylvania
Indiana,Pennsylvania
Saltsburg,Pennsylvania
Blossburg,Pennsylvania
Covington,Pennsylvania
Elkland,Pennsylvania
Knoxville,Pennsylvania
Liberty,Pennsylvania
Mansfield,Pennsylvania
Tioga,Pennsylvania
Wellsboro,Pennsylvania
Westfield,Pennsylvania
Bradford,Pennsylvania
Eldred,Pennsylvania
Hazelhurst,Pennsylvania
Kane,Pennsylvania
Mount Jewett,Pennsylvania
Port Allegany,Pennsylvania
Smethport,Pennsylvania
Bristol,Pennsylvania
Doylestown,Pennsylvania
New Hope,Pennsylvania
Newtown,Pennsylvania
Perkasie,Pennsylvania
Quakertown,Pennsylvania
Sellersville,Pennsylvania
Butler,Pennsylvania
Chicora,Pennsylvania
Evans City,Pennsylvania
Harmony,Pennsylvania
Mars,Pennsylvania
Millerstown,Pennsylvania
Petrola,Pennsylvania
Slippery Rock,Pennsylvania
Zelienople,Pennsylvania
Cambridge Springs,Pennsylvania
Cochranton,Pennsylvania
Conneaut Lake Borough,Pennsylvania
Conneaut Lake Park,Pennsylvania
Conneautville,Pennsylvania
Harmonsburg,Pennsylvania
Linesville,Pennsylvania
Meadville,Pennsylvania
Sagertown,Pennsylvania
Spartansburg,Pennsylvania
Titusville,Pennsylvania
Camp Hill,Pennsylvania
Carlisle,Pennsylvania
Enola,Pennsylvania
Lemoyne,Pennsylvania
Mechanicsburg,Pennsylvania
Mount Holly Springs,Pennsylvania
New Cumberland,Pennsylvania
Newville,Pennsylvania
West Fairview,Pennsylvania
Wormleysburg,Pennsylvania
Chambersburg,Pennsylvania
Greencastle,Pennsylvania
Mercersburg,Pennsylvania
South Mountain,Pennsylvania
Waynesboro,Pennsylvania
Chester,Pennsylvania
Clifton Heights,Pennsylvania
Delaware Co.,Pennsylvania
Lansdowne,Pennsylvania
Media,Pennsylvania
Swarthmore,Pennsylvania
Wayne,Pennsylvania
Clarendon,Pennsylvania
Sheffield,Pennsylvania
Spring Creek,Pennsylvania
Tidioute,Pennsylvania
Warren,Pennsylvania
Youngsville,Pennsylvania
Clarion,Pennsylvania
East Brady,Pennsylvania
Edenburg,Pennsylvania
New Bethlehem,Pennsylvania
Rimersburg,Pennsylvania
Shippenville,Pennsylvania
Sligo,Pennsylvania
Clearfield,Pennsylvania
Coalport,Pennsylvania
Curwensville,Pennsylvania
Du Bois,Pennsylvania
Grampian,Pennsylvania
Houtzdale,Pennsylvania
Irvona,Pennsylvania
Madera,Pennsylvania
Mahaffly,Pennsylvania
Osceola Mills,Pennsylvania
Westover,Pennsylvania
Winburne,Pennsylvania
Coatesville,Pennsylvania
Downingtown,Pennsylvania
Kennett Square,Pennsylvania
Malvern,Pennsylvania
Marcus Hook,Pennsylvania
Oxford,Pennsylvania
Parkesburg,Pennsylvania
Phoenixville,Pennsylvania
West Chester,Pennsylvania
Columbia,Pennsylvania
Denver,Pennsylvania
Elizabethtown,Pennsylvania
Ephrata,Pennsylvania
Lancaster,Pennsylvania
Lititz,Pennsylvania
Manheim,Pennsylvania
Marietta,Pennsylvania
Millersville,Pennsylvania
Mount Joy,Pennsylvania
Mountville,Pennsylvania
New Holland,Pennsylvania
Washington Borough,Pennsylvania
Dallastown,Pennsylvania
Delta,Pennsylvania
Dillsburg,Pennsylvania
Emigsville,Pennsylvania
Glen Rock,Pennsylvania
Goldsboro,Pennsylvania
Hanover,Pennsylvania
Hellam,Pennsylvania
Mount Wolf,Pennsylvania
New Freedom,Pennsylvania
Red Lion,Pennsylvania
Seven Valley,Pennsylvania
Shrewsbury,Pennsylvania
Wrightsville,Pennsylvania
York,Pennsylvania
York Haven,Pennsylvania
Danville,Pennsylvania
Dauphin,Pennsylvania
Elizabethville,Pennsylvania
Gratz,Pennsylvania
Halifax,Pennsylvania
Harrisburg,Pennsylvania
Hershey,Pennsylvania
Hummelstown,Pennsylvania
Lykens,Pennsylvania
Middletown,Pennsylvania
Millersburg,Pennsylvania
Steelton,Pennsylvania
Wiconisco,Pennsylvania
Williamstown,Pennsylvania
Duncannon,Pennsylvania
Marysville,Pennsylvania
Millerstown,Pennsylvania
New Bloomfield,Pennsylvania
Newport,Pennsylvania
Dushore,Pennsylvania
Ellwood City,Pennsylvania
New Castle,Pennsylvania
New Wilmington,Pennsylvania
Wampum,Pennsylvania
Emlenton,Pennsylvania
Franklin,Pennsylvania
Oil City,Pennsylvania
Emporium,Pennsylvania
Factoryville,Pennsylvania
Laceyville,Pennsylvania
Meshoppen,Pennsylvania
Nicholson,Pennsylvania
Tunkhannock,Pennsylvania
Wyalusing,Pennsylvania
Falls Creek,Pennsylvania
Forest City,Pennsylvania
Great Bend,Pennsylvania
Great Bend Village,Pennsylvania
Hallstead,Pennsylvania
Lanesboro,Pennsylvania
Montrose,Pennsylvania
New Milford,Pennsylvania
Susquehanna,Pennsylvania
Fredonia,Pennsylvania
Greenville,Pennsylvania
Grove City,Pennsylvania
Jamestown,Pennsylvania
Mercer,Pennsylvania
Sandy Lake,Pennsylvania
Sharon,Pennsylvania
Sharpsville,Pennsylvania
Stoneboro,Pennsylvania
West Middlesex,Pennsylvania
Gettysburg,Pennsylvania
Littlestown,Pennsylvania
McSherrystown,Pennsylvania
New Oxford,Pennsylvania
Hawley,Pennsylvania
Honesdale,Pennsylvania
Kulpmont,Pennsylvania
Herndon,Pennsylvania
Milton,Pennsylvania
Mount Carmel,Pennsylvania
Northumberland,Pennsylvania
Shamokin,Pennsylvania
Snydertown,Pennsylvania
Sunbury,Pennsylvania
Trevorton Post Office,Pennsylvania
Watsontown,Pennsylvania
Hughesville,Pennsylvania
Jersey Shore,Pennsylvania
Montgomery,Pennsylvania
Montoursville,Pennsylvania
Muncy,Pennsylvania
Picture Rocks,Pennsylvania
Williamsport,Pennsylvania
Huntingdon,Pennsylvania
Mapleton,Pennsylvania
Mount Union,Pennsylvania
Orbisonia,Pennsylvania
Rockhill Furnace,Pennsylvania
Johnsonburg,Pennsylvania
Ridgway,Pennsylvania
Saint Marys,Pennsylvania
Wilcox,Pennsylvania
Lansford,Pennsylvania
Lehighton,Pennsylvania
Mauch Chunk,Pennsylvania
Palmerton,Pennsylvania
Weatherly,Pennsylvania
Weissport,Pennsylvania
Lewisburg,Pennsylvania
Mifflinburg,Pennsylvania
Reedsville,Pennsylvania
Yeagertown,Pennsylvania
Burnham,Pennsylvania
Lewistown,Pennsylvania
Yeagertown,Pennsylvania
Lock Haven,Pennsylvania
Renovo,Pennsylvania
McConnellsburgh,Pennsylvania
Marienville,Pennsylvania
Tionesta,Pennsylvania
Middleburg,Pennsylvania
Selins Grove,Pennsylvania
Mifflintown,Pennsylvania
Patterson,Pennsylvania
Port Royal,Pennsylvania
Milford,Pennsylvania
Philadelphia,Pennsylvania
Scalp Level,Pennsylvania
Shippensburg,Pennsylvania
Stroudsburg,Pennsylvania
Waynesburg,Pennsylvania
Barrington,Rhode Island
Bristol,Rhode Island
Warren,Rhode Island
Block Island,Rhode Island
Narragansett Pier,Rhode Island
South Kingstown,Rhode Island
Westerly,Rhode Island
Wickford,Rhode Island
Coventry,Rhode Island
East Greenwich,Rhode Island
Warwick,Rhode Island
Cranston,Rhode Island
Cumberland,Rhode Island
East Providence,Rhode Island
Johnston,Rhode Island
Manville,Rhode Island
North Providence,Rhode Island
North Smithfield,Rhode Island
Pascoag,Rhode Island
Pawtucket,Rhode Island
Providence,Rhode Island
Slatersville,Rhode Island
Woonsocket,Rhode Island
Jamestown,Rhode Island
New Shoreham,Rhode Island
Newport,Rhode Island
Tiverton,Rhode Island
Pawtuxet Valley,Rhode Island
Pawtuxet Valley and Warwick,Rhode Island
Abbeville,South Carolina
Aiken,South Carolina
Allendale,South Carolina
Anderson,South Carolina
Belton,South Carolina
Pelzer,South Carolina
Bamberg,South Carolina
Denmark,South Carolina
Barnwell,South Carolina
Blackville,South Carolina
Williston,South Carolina
Batesburg,South Carolina
Beaufort,South Carolina
Bennettsville,South Carolina
McColl,South Carolina
Bishopville,South Carolina
Blacksburg,South Carolina
Gaffney,South Carolina
Camden,South Carolina
Charleston,South Carolina
Moultrieville,South Carolina
Mount Pleasant,South Carolina
Cheraw,South Carolina
Chester,South Carolina
Clinton,South Carolina
Laurens,South Carolina
Clover,South Carolina
Rock Hill,South Carolina
York[ville],South Carolina
Columbia,South Carolina
Conway,South Carolina
Myrtle Beach,South Carolina
Darlington,South Carolina
Hartsville,South Carolina
Dillon,South Carolina
Easley,South Carolina
Liberty,South Carolina
Pickens,South Carolina
Edgefield,South Carolina
Johnston,South Carolina
Florence,South Carolina
Lake City,South Carolina
Timmonsville,South Carolina
Fountain Inn,South Carolina
Georgetown,South Carolina
Greenville,South Carolina
Greenwood,South Carolina
Ninety Six,South Carolina
Greer,South Carolina
Kershaw,South Carolina
Kingstree,South Carolina
Lancaster,South Carolina
Lexington,South Carolina
New Brookland,South Carolina
McCormick,South Carolina
Manning,South Carolina
Summerton,South Carolina
Marion,South Carolina
Mullins,South Carolina
Mayesville,South Carolina
Sumter,South Carolina
Newberry,South Carolina
Prosperity,South Carolina
Orangeburg,South Carolina
Piedmont,South Carolina
Saint Matthews,South Carolina
Saluda,South Carolina
Seneca,South Carolina
Walhalla,South Carolina
Westminster,South Carolina
Spartanburg,South Carolina
Woodruff,South Carolina
Summerville,South Carolina
Union,South Carolina
Walterboro,South Carolina
Winnsboro,South Carolina
Aberdeen,South Dakota
Columbia,South Dakota
Frederick,South Dakota
Groton,South Dakota
Warner,South Dakota
Alexandria,South Dakota
Andover,South Dakota
Bristol,South Dakota
Pierpont,South Dakota
Webster,South Dakota
Armour,South Dakota
Delmont,South Dakota
Artesian,South Dakota
Woonsocket,South Dakota
Ashton,South Dakota
Doland,South Dakota
Mellette,South Dakota
Northville,South Dakota
Redfield,South Dakota
Belle Fourche,South Dakota
Beresford,South Dakota
Big Stone City,South Dakota
Milbank,South Dakota
Bowdle,South Dakota
Ipswich,South Dakota
Bridgewater,South Dakota
Salem,South Dakota
Britton,South Dakota
Brookings,South Dakota
Elkton,South Dakota
Volga,South Dakota
White,South Dakota
Canton,South Dakota
Carbonate,South Dakota
Central City,South Dakota
Deadwood,South Dakota
Lead,South Dakota
Spearfish,South Dakota
Terry,South Dakota
Carthage,South Dakota
Howard,South Dakota
Castlewood,South Dakota
Centerville,South Dakota
